rank,nome,avaliacao
1,Gloomhaven,8.68
2,Brass: Birmingham,8.65
3,Pandemic Legacy: Season 1,8.57
4,Ark Nova,8.58
5,Terraforming Mars,8.39
6,Twilight Imperium: Fourth Edition,8.64
7,Gloomhaven: Jaws of the Lion,8.57
8,Star Wars: Rebellion,8.42
9,War of the Ring: Second Edition,8.52
10,Gaia Project,8.44
11,Spirit Island,8.37
12,Through the Ages: A New Story of Civilization,8.34
13,Great Western Trail,8.26
14,Dune: Imperium,8.35
15,Twilight Struggle,8.26
16,Scythe,8.19
17,The Castles of Burgundy,8.13
18,Nemesis,8.33
19,7 Wonders Duel,8.10
20,Brass: Lancashire,8.19
21,Concordia,8.11
22,A Feast for Odin,8.19
23,Terra Mystica,8.10
24,Wingspan,8.08
25,Clank!: Legacy – Acquisitions Incorporated,8.62
26,Eclipse: Second Dawn for the Galaxy,8.56
27,Arkham Horror: The Card Game,8.15
28,Root,8.09
29,Orléans,8.07
30,Lost Ruins of Arnak,8.09
31,Viticulture Essential Edition,8.03
32,Everdell,8.07
33,Mage Knight Board Game,8.09
34,Barrage,8.21
35,Food Chain Magnate,8.10
36,Marvel Champions: The Card Game,8.18
37,Puerto Rico,7.94
38,Too Many Bones,8.38
39,Caverna: The Cave Farmers,7.98
40,Blood Rage,7.97
41,Pax Pamir: Second Edition,8.29
42,Agricola,7.90
43,Underwater Cities,8.09
44,The Crew: Mission Deep Sea,8.31
45,Anachrony,8.11
46,Maracaibo,8.11
47,Mansions of Madness: Second Edition,7.99
48,Pandemic Legacy: Season 2,8.07
49,On Mars,8.23
50,The Crew: The Quest for Planet Nine,7.89
51,Tzolk'in: The Mayan Calendar,7.88
52,Power Grid,7.83
53,Cascadia,8.00
54,Crokinole,7.98
55,Clans of Caledonia,7.96
56,Lisboa,8.20
57,Pandemic Legacy: Season 0,8.50
58,Le Havre,7.86
59,Star Wars: Imperial Assault,7.98
60,Kingdom Death: Monster,8.55
61,The Quacks of Quedlinburg,7.84
62,Mechs vs. Minions,8.00
63,The Gallerist,8.04
64,Great Western Trail (Second Edition),8.50
65,Paladins of the West Kingdom,8.01
66,Android: Netrunner,7.87
67,Azul,7.77
68,Eclipse,7.86
69,Aeon's End,7.96
70,Race for the Galaxy,7.75
71,Through the Ages: A Story of Civilization,7.88
72,Clank!: A Deck-Building Adventure,7.81
73,Kanban EV,8.51
74,The 7th Continent,7.95
75,Grand Austria Hotel,7.90
76,Five Tribes,7.78
77,Fields of Arle,8.06
78,Agricola (Revised Edition),7.98
79,Sleeping Gods,8.40
80,Teotihuacan: City of Gods,7.90
81,Robinson Crusoe: Adventures on the Cursed Island,7.79
82,The Voyages of Marco Polo,7.81
83,7 Wonders,7.71
84,Lords of Waterdeep,7.74
85,Dominant Species,7.82
86,Tainted Grail: The Fall of Avalon,8.17
87,Architects of the West Kingdom,7.78
88,El Grande,7.74
89,Keyflower,7.76
90,Beyond the Sun,7.98
91,Caylus,7.74
92,Battlestar Galactica: The Board Game,7.73
93,Cthulhu: Death May Die,8.15
94,Mombasa,7.87
95,Dominion: Intrigue,7.70
96,Troyes,7.73
97,Raiders of the North Sea,7.76
98,Eldritch Horror,7.77
99,Lorenzo il Magnifico,7.87
100,Twilight Imperium: Third Edition,7.81
101,The Lord of the Rings: Journeys in Middle-Earth,7.96
102,Tigris & Euphrates,7.70
103,Decrypto,7.78
104,Inis,7.82
105,Russian Railroads,7.75
106,Patchwork,7.62
107,Rising Sun,7.80
108,The Isle of Cats,7.81
109,Trajan,7.75
110,Obsession,8.26
111,Trickerion: Legends of Illusion,7.96
112,The Search for Planet X,8.06
113,Dominion,7.60
114,Clank! In! Space!: A Deck-Building Adventure,7.82
115,Aeon's End: War Eternal,8.32
116,Codenames,7.57
117,Roll for the Galaxy,7.62
118,Pandemic: Iberia,7.90
119,Vinhos: Deluxe Edition,8.14
120,Yokohama,7.83
121,Champions of Midgard,7.74
122,Cartographers,7.67
123,Forbidden Stars,7.97
124,Pandemic,7.56
125,PARKS,7.73
126,Res Arcana,7.71
127,Age of Steam,7.81
128,Sherlock Holmes Consulting Detective: The Thames Murders & Other Cases,7.67
129,Hansa Teutonica,7.71
130,Kemet,7.68
131,Concordia Venus,8.30
132,Watergate,7.85
133,Targi,7.63
134,Endeavor: Age of Sail,7.94
135,Alchemists,7.66
136,Star Realms,7.57
137,Legendary Encounters: An Alien Deck Building Game,7.77
138,It's a Wonderful World,7.75
139,The Quest for El Dorado,7.64
140,Stone Age,7.54
141,Star Wars: X-Wing Miniatures Game,7.65
142,Praga Caput Regni,8.01
143,Ticket to Ride: Europe,7.54
144,Welcome To...,7.58
145,Rajas of the Ganges,7.73
146,The Lord of the Rings: The Card Game,7.66
147,Just One,7.60
148,Istanbul,7.56
149,Xia: Legends of a Drift System,7.88
150,Marco Polo II: In the Service of the Khan,8.02
151,That's Pretty Clever!,7.60
152,Glen More II: Chronicles,7.96
153,War of the Ring,7.77
154,Chaos in the Old World,7.67
155,Viscounts of the West Kingdom,7.91
156,Azul: Summer Pavilion,7.71
157,Magic: The Gathering,7.56
158,Descent: Journeys in the Dark (Second Edition),7.64
159,Jaipur,7.50
160,Memoir '44,7.55
161,Horrified,7.72
162,Terraforming Mars: Ares Expedition,7.73
163,This War of Mine: The Board Game,7.79
164,War Chest,7.92
165,Railways of the World,7.68
166,Cosmic Encounter,7.54
167,The Resistance: Avalon,7.54
168,Castles of Mad King Ludwig,7.53
169,Tyrants of the Underdark,7.91
170,Dead of Winter: A Crossroads Game,7.51
171,Ora et Labora,7.69
172,Sagrada,7.50
173,A Game of Thrones: The Board Game (Second Edition),7.56
174,Undaunted: Normandy,7.82
175,Sekigahara: The Unification of Japan,8.01
176,Dominion (Second Edition),7.88
177,Dwellings of Eldervale,8.23
178,Suburbia,7.50
179,Ticket to Ride: Nordic Countries,7.63
180,Commands & Colors: Ancients,7.77
181,Dinosaur Island,7.63
182,Village,7.50
183,Near and Far,7.73
184,Captain Sonar,7.54
185,Calico,7.64
186,Ra,7.49
187,Space Base,7.57
188,Star Realms: Colony Wars,7.82
189,Nations,7.62
190,Combat Commander: Europe,7.95
191,Go,7.64
192,Dune,8.01
193,Coimbra,7.65
194,Splendor,7.43
195,Unmatched: Cobble & Fog,8.13
196,Paths of Glory,8.05
197,Tichu,7.57
198,Under Falling Skies,7.77
199,Carcassonne,7.41
200,Codenames: Duet,7.49
301,Dice Throne: Season Two – Battle Chest,8.12
302,Survive: Escape from Atlantis!,7.31
303,Love Letter,7.23
304,Small World,7.23
305,Above and Below,7.38
306,Dungeon Lords,7.38
307,Acquire,7.34
308,Anno 1800,7.79
309,Monikers,7.78
310,Awkward Guests,7.64
311,Sid Meier's Civilization: The Board Game,7.39
312,Bunny Kingdom,7.45
313,Letters from Whitechapel,7.37
314,Merchants & Marauders,7.39
315,Mission: Red Planet (Second Edition),7.43
316,Mysterium,7.25
317,Bärenpark,7.33
318,Dixit,7.23
319,Neuroshima Hex! 3.0,7.39
320,For Sale,7.24
321,Mage Wars Arena,7.60
322,Nusfjord,7.66
323,Tekhenu: Obelisk of the Sun,7.78
324,Takenoko,7.24
325,The Resistance,7.24
326,Agricola: All Creatures Big and Small,7.36
327,Ghost Stories,7.29
328,Star Wars: Armada,7.83
329,Lost Cities,7.21
330,Marvel United,7.64
331,Destinies,7.85
332,Harry Potter: Hogwarts Battle,7.40
333,Altiplano,7.49
334,Bonfire,7.74
335,51st State: Master Set,7.62
336,The Great Zimbabwe,7.82
337,Aeon's End: The New Age,8.59
338,Wonderland's War,8.26
339,San Juan,7.24
340,The King's Dilemma,7.84
341,Evolution: Climate,7.55
342,Here I Stand,7.90
343,Gizmos,7.41
344,Notre Dame,7.32
345,Innovation,7.28
346,At the Gates of Loyang,7.37
347,7 Wonders (Second Edition),7.94
348,Gùgōng,7.48
349,The Pillars of the Earth,7.28
350,Carpe Diem,7.55
351,Blood Bowl: Team Manager – The Card Game,7.38
352,Die Macher,7.61
353,Chinatown,7.39
354,Newton,7.58
355,Oath: Chronicles of Empire and Exile,7.89
356,Endeavor,7.39
357,Saint Petersburg,7.28
358,Abyss,7.33
359,Ginkgopolis,7.50
360,Downforce,7.34
361,Clash of Cultures: Monumental Edition,8.50
362,Pandemic: Fall of Rome,7.66
363,The King Is Dead: Second Edition,7.73
364,In the Year of the Dragon,7.32
365,Kemet: Blood and Sand,8.09
366,Bruxelles 1893,7.62
367,King of Tokyo,7.16
368,The Godfather: Corleone's Empire,7.54
369,Maria,7.99
370,Tiny Towns,7.28
371,Azul: Stained Glass of Sintra,7.35
372,Sherlock Holmes Consulting Detective: Jack the Ripper & West End Adventures,7.66
373,Twice as Clever!,7.47
374,Ticket to Ride: Märklin,7.41
375,London (Second Edition),7.54
376,San Juan (Second Edition),7.48
377,Mythic Battles: Pantheon,8.38
378,Oathsworn: Into the Deepwood,9.24
379,Civilization,7.50
380,Clash of Cultures,7.59
381,Sword & Sorcery,7.94
382,Nippon,7.66
383,Dice Forge,7.25
384,Codenames: Pictures,7.22
385,Arkham Horror,7.25
386,Dune,7.61
387,Welcome to the Moon,8.08
388,Advanced Squad Leader,8.00
389,Stockpile,7.50
390,Space Hulk (Third Edition),7.53
391,Claustrophobia,7.49
392,Mice and Mystics,7.26
393,Santa Maria,7.50
394,Macao,7.41
395,Schotten Totten,7.34
396,Firefly: The Game,7.39
397,Fresco,7.26
398,Thunderstone Quest,7.82
399,The Manhattan Project,7.34
400,Sprawlopolis,7.39
401,Spartacus: A Game of Blood and Treachery,7.47
402,Raiders of Scythia,7.84
403,Furnace,7.47
404,Millennium Blades,7.70
405,Biblios,7.20
406,Flash Point: Fire Rescue,7.18
407,Smartphone Inc.,7.62
408,Skull King,7.48
409,Imperium: Classics,7.78
410,Skull,7.20
411,Return to Dark Tower,8.37
412,Wavelength,7.36
413,Kingsburg,7.18
414,Imperial Settlers: Empires of the North,7.50
415,Sidereal Confluence,7.79
416,Lancaster,7.40
417,Glen More,7.31
418,A Few Acres of Snow,7.38
419,Heroscape Master Set: Rise of the Valkyrie,7.44
420,Nemesis: Lockdown,8.55
421,Love Letter,7.55
422,Point Salad,7.21
423,Pandemic: Reign of Cthulhu,7.38
424,Quadropolis,7.25
425,Lord of the Rings: The Confrontation,7.48
426,Charterstone,7.27
427,PitchCar,7.27
428,Cloudspire,8.21
429,Blood Bowl: Living Rulebook,7.85
430,Amerigo,7.45
431,Cubitos,7.53
432,BattleLore,7.36
433,King of Tokyo: Dark Edition,7.74
434,Mystic Vale,7.27
435,Chess,7.17
436,Bitoku,7.95
437,Pandemic: The Cure,7.27
438,Pipeline,7.64
439,Risk Legacy,7.39
440,Mandala,7.59
441,Unmatched: Robin Hood vs. Bigfoot,8.02
442,Commands & Colors: Napoleonics,8.01
443,Amun-Re,7.30
444,Black Orchestra,7.51
445,Blitzkrieg!: World War Two in 20 Minutes,7.65
446,Sheriff of Nottingham,7.10
447,Exit: The Game – Dead Man on the Orient Express,7.63
448,Middara: Unintentional Malum – Act 1,8.70
449,Shadows of Brimstone: City of the Ancients,7.96
450,Descent: Journeys in the Dark,7.29
451,Stuffed Fables,7.50
452,Blood Bowl (Third Edition),7.55
453,Mansions of Madness,7.28
454,Forbidden Desert,7.10
455,1775: Rebellion,7.65
456,Project L,7.52
457,Colt Express,7.10
458,Deus,7.29
459,Raptor,7.27
460,Citadels,7.07
461,"Labyrinth: The War on Terror, 2001 – ?",7.59
462,Hanabi,7.06
463,Canvas,7.39
464,Shadows over Camelot,7.11
465,Lords of Vegas,7.34
466,Oceans,7.53
467,Citadels,7.28
468,Friday,7.12
469,Fire in the Lake,8.05
470,Junk Art,7.39
471,Betrayal Legacy,7.70
472,Hadara,7.44
473,CATAN,7.12
474,Honey Buzz,7.72
475,No Thanks!,7.07
476,Blackout: Hong Kong,7.47
477,Imhotep,7.16
478,Freedom: The Underground Railroad,7.57
479,First Class: All Aboard the Orient Express!,7.44
480,Railroad Ink: Deep Blue Edition,7.22
481,London,7.34
482,Small World Underground,7.25
483,Madeira,7.57
484,1846: The Race for the Midwest,7.95
485,Potion Explosion,7.14
486,Archipelago,7.31
487,Argent: The Consortium,7.66
488,Thurn and Taxis,7.09
489,Time's Up! Title Recall!,7.70
490,The Grizzled,7.16
491,Bohnanza,7.04
492,The Fox in the Forest,7.16
493,Legends of Andor,7.15
494,BattleCON: Devastation of Indines,7.86
495,Libertalia,7.14
496,Port Royal,7.13
497,Zombie Kidz Evolution,7.71
498,TZAAR,7.66
499,Escape Plan,7.55
500,Ingenious,7.11
501,Euphoria: Build a Better Dystopia,7.21
502,Airlines Europe,7.30
503,Long Shot: The Dice Game,7.82
504,Sentinels of the Multiverse,7.17
505,Roads & Boats,7.72
506,Dawn of the Zeds (Third Edition),8.19
507,Fantastic Factories,7.51
508,One Night Ultimate Werewolf,7.09
509,Elysium,7.21
510,RoboRally,7.07
511,"Air, Land, & Sea",7.49
512,Alhambra,7.03
513,Egizia,7.40
514,Sushi Go!,7.02
515,Chicago Express,7.25
516,Vikings,7.24
517,Discworld: Ankh-Morpork,7.24
518,SCOUT,7.70
519,Summoner Wars (Second Edition),8.27
520,Queendomino,7.20
521,Vinhos,7.48
522,Tales of the Arabian Nights,7.18
523,Runebound (Third Edition),7.47
524,Last Will,7.18
525,Pax Porfiriana,7.68
526,Boonlake,7.75
527,Star Wars: X-Wing (Second Edition),8.12
528,Taj Mahal,7.27
529,Space Empires 4X,7.70
530,Baseball Highlights: 2045,7.53
531,Karuba,7.18
532,The Colonists,7.58
533,StarCraft: The Board Game,7.35
534,Camel Up,7.04
535,Pathfinder Adventure Card Game: Rise of the Runelords – Base Set,7.18
536,Colosseum,7.21
537,Love Letter: Premium Edition,7.44
538,Valeria: Card Kingdoms,7.46
539,Nova Luna,7.37
540,Paperback,7.16
541,Nexus Ops,7.21
542,Fleet: The Dice Game,7.72
543,Jamaica,7.07
544,DVONN,7.45
545,So Clover!,7.58
546,AquaSphere,7.27
547,High Society,7.12
548,Pan Am,7.57
549,Las Vegas,7.15
550,Photosynthesis,7.05
551,Through the Desert,7.08
552,In the Hall of the Mountain King,7.69
553,Hammer of the Scots,7.54
554,Broom Service,7.17
555,Carcassonne: Hunters and Gatherers,7.13
556,Evolution,7.09
557,Automobile,7.33
558,Tobago,7.11
559,Struggle of Empires,7.52
560,Conan,7.67
561,Atlantis Rising (Second Edition),7.65
562,Black Rose Wars,8.04
563,Carson City,7.23
564,Silver & Gold,7.27
565,Dice Throne: Season One,7.56
566,Star Wars: Destiny,7.47
567,Francis Drake,7.39
568,A Game of Thrones,7.19
569,Imperial Struggle,8.30
570,Star Wars: X-Wing Miniatures Game – The Force Awakens Core Set,7.76
571,Descent: Legends of the Dark,7.98
572,Blood Bowl (2016 Edition),8.00
573,Gears of War: The Board Game,7.46
574,Triumph & Tragedy: European Balance of Power 1936-1945,8.15
575,A Game of Thrones: The Card Game (Second Edition),7.52
576,Coup,6.99
577,Draftosaurus,7.13
578,Aquatica,7.42
579,Zombicide,7.12
580,Quantum,7.25
581,Star Trek: Ascendancy,7.82
582,Cooper Island,7.62
583,Thebes,7.13
584,The Battle of Five Armies,7.88
585,Mare Nostrum: Empires,7.55
586,KeyForge: Call of the Archons,7.17
587,Unlock!: Heroic Adventures,7.67
588,Cartographers Heroes,7.90
589,Snowdonia,7.35
590,Zombicide: Green Horde,7.74
591,Formula D,7.01
592,Pax Renaissance,8.01
593,The Republic of Rome,7.54
594,Betrayal at House on the Hill,7.04
595,Planet Unknown,7.98
596,Time's Up!,7.29
597,One Night Ultimate Werewolf: Daybreak,7.33
598,Coloretto,6.98
599,Taluva,7.15
600,Undaunted: North Africa,7.87
601,Medici,7.16
602,Trains,7.14
603,Magic Maze,6.99
604,Cuba Libre,7.69
605,Earth Reborn,7.63
606,Fort,7.21
607,Crusaders: Thy Will Be Done,7.50
608,The Downfall of Pompeii,7.15
609,Summoner Wars,7.23
610,Lord of the Rings: The Confrontation,7.21
611,Shakespeare,7.43
612,Dead Reckoning,8.30
613,6 nimmt!,6.94
614,Mr. Jack,6.99
615,HeroQuest,7.17
616,Belfort,7.22
617,Kingdom Builder,6.95
618,Cacao,7.09
619,Dixit: Journey,7.40
620,Whitehall Mystery,7.57
621,Cuba,7.13
622,Shadows of Brimstone: Swamps of Death,8.03
623,Luna,7.30
624,Between Two Castles of Mad King Ludwig,7.27
625,Elder Sign,6.97
626,IKI,7.72
627,Escape: The Curse of the Temple,6.97
628,Torres,7.10
629,Exit: The Game – The Pharaoh's Tomb,7.19
630,Disney Villainous: Wicked to the Core,7.60
631,Shards of Infinity,7.51
632,Myrmes,7.27
633,Smash Up: Awesome Level 9000,7.23
634,Fury of Dracula (Second Edition),7.11
635,Yamataï,7.21
636,D-Day at Omaha Beach,8.30
637,Feudum,7.64
638,QE,7.43
639,Telestrations: 12 Player Party Pack,7.75
640,Thunderstone Advance: Towers of Ruin,7.35
641,Tokaido,6.96
642,Defenders of the Realm,7.28
643,Civilization: A New Dawn,7.28
644,ZhanGuo,7.57
645,Prêt-à-Porter,7.36
646,Arkwright,7.82
647,The Oracle of Delphi,7.29
648,Leaving Earth,7.75
649,Specter Ops,7.20
650,Unfathomable,7.67
651,Treasure Island,7.26
652,Wir sind das Volk!,7.83
653,Bus,7.58
654,Mexica,7.24
655,A Fake Artist Goes to New York,7.16
656,Ascension: Deckbuilding Game,7.04
657,Churchill,7.67
658,Tash-Kalar: Arena of Legends,7.16
659,Steampunk Rally,7.18
660,AuZtralia,7.38
661,Cribbage,7.08
662,Love Letter: Batman,7.26
663,Warhammer Quest: The Adventure Card Game,7.32
664,Endless Winter: Paleoamericans,8.00
665,Onirim (Second Edition),7.06
666,Imperium: Legends,7.90
667,Dragon Castle,7.15
668,Wallenstein,7.46
669,Merv: The Heart of the Silk Road,7.60
670,Vegas Showdown,7.16
671,Century: A New World,7.38
672,The Networks,7.18
673,Carcassonne: The Castle,7.10
674,BANG! The Dice Game,6.92
675,My Little Scythe,7.29
676,Advanced Squad Leader: Starter Kit #1,7.84
677,Foundations of Rome,8.07
678,Villagers,7.23
679,Century: Eastern Wonders,7.15
680,K2,7.03
681,Disney Villainous: Evil Comes Prepared,7.60
682,City of the Big Shoulders,7.80
683,Space Hulk: Death Angel – The Card Game,7.00
684,Ashes Reborn: Rise of the Phoenixborn,7.28
685,Disney Villainous,7.02
686,MicroMacro: Crime City – Full House,7.78
687,Etherfields,8.02
688,Yspahan,7.07
689,Shipyard,7.35
690,Oh My Goods!,7.00
691,Middle-Earth Quest,7.38
692,Between Two Cities,7.00
693,Trismegistus: The Ultimate Formula,7.62
694,The Estates,7.44
695,Coal Baron,7.28
696,Chronicles of Crime: 1400,7.83
697,Diplomacy,7.04
698,Trails of Tucana,7.43
699,Eminent Domain,7.00
700,Yellow & Yangtze,7.86
701,Marvel United: X-Men,8.24
702,Splendor: Marvel,7.64
703,Wits & Wagers,6.93
704,Up Front,7.88
705,New Frontiers,7.46
706,Empires: Age of Discovery,7.85
707,CO₂: Second Chance,7.58
708,Space Hulk,7.48
709,Reef,7.04
710,Cry Havoc,7.16
711,Arcadia Quest: Inferno,7.92
712,The Magnificent,7.57
713,Ex Libris,7.16
714,Caverna: Cave vs Cave,7.14
715,Crystal Palace,7.55
716,Saint Petersburg (Second Edition),7.47
717,The Duke,7.35
718,Kanagawa,7.06
719,Warhammer: Invasion,7.23
720,Blue Moon City,7.04
721,Super Motherload,7.36
722,Whistle Mountain,7.69
723,World Without End,7.24
724,Detective: City of Angels,7.93
725,Vast: The Crystal Caverns,7.14
726,Black Angel,7.32
727,Zombicide Season 2: Prison Outbreak,7.37
728,878 Vikings: Invasions of England,7.53
729,Deep Sea Adventure,6.94
730,1989: Dawn of Freedom,7.80
731,Rhino Hero: Super Battle,7.26
732,Exit: The Game – The Secret Lab,7.08
733,Blood on the Clocktower,8.22
734,King of New York,6.92
735,Finca,7.06
736,Blokus,6.86
737,Empire of the Sun,8.26
738,Zombicide: 2nd Edition,8.08
739,Dogs of War,7.52
740,"Heroes of Land, Air & Sea",7.63
741,The Great Wall,7.86
742,Panamax,7.31
743,Star Trek: Fleet Captains,7.49
744,Among the Stars,7.05
745,Ticket to Ride: Rails & Sails,7.42
746,FUSE,7.03
747,Railroad Ink: Blazing Red Edition,7.13
748,Sub Terra,7.38
749,New York Zoo,7.17
750,Project: ELITE,8.03
751,Dungeons & Dragons: The Legend of Drizzt Board Game,7.23
752,The Bloody Inn,7.04
753,The Shipwreck Arcana,7.48
754,Crown of Emara,7.42
755,Squad Leader,7.53
756,Perudo,6.91
757,Unlock!: Timeless Adventures,7.82
758,Unmatched: Little Red Riding Hood vs. Beowulf,8.30
759,Lords of Xidit,7.11
760,Ricochet Robots,7.02
761,Outlive,7.32
762,Fugitive,7.19
763,Yedo,7.37
764,Tribune: Primus Inter Pares,7.22
765,Tang Garden,7.43
766,Washington's War,7.62
767,Vasco da Gama,7.23
768,Menara,7.46
769,Jambo,7.00
770,The Pursuit of Happiness,7.18
771,Flamecraft,7.67
772,Can't Stop,6.87
773,Bloodborne: The Board Game,7.89
774,Summoner Wars: Alliances Master Set,8.07
775,Red7,6.89
776,One Deck Dungeon,7.00
777,"13 Days: The Cuban Missile Crisis, 1962",7.25
778,Not Alone,6.99
779,XCOM: The Board Game,7.02
780,Reef Encounter,7.14
781,Dice Hospital,7.16
782,Gentes,7.42
783,Combat Commander: Pacific,8.11
784,Dinosaur Island: Rawr 'n Write,7.84
785,Scoville,7.14
786,ZÈRTZ,7.27
787,Napoleon's Triumph,7.99
788,Conflict of Heroes: Awakening the Bear! – Russia 1941-42,7.50
789,Celestia,6.96
790,Star Wars: The Card Game,7.18
791,Pandemic: Rising Tide,7.58
792,Tammany Hall,7.29
793,Friedrich,7.57
794,Libertalia: Winds of Galecrest,7.53
795,Incan Gold,6.82
796,The Mind,6.82
797,Dale of Merchants,7.18
798,Marvel Dice Masters: Avengers vs. X-Men,7.13
799,Cerebria: The Inside World,7.78
800,Spyfall,6.82
801,Tumblin-Dice,7.21
802,Unfair,7.33
803,Spyrium,7.05
804,Hyperborea,7.19
805,Carcassonne: The City,7.21
806,Tinners' Trail,7.24
807,Tajemnicze Domostwo,7.13
808,Union Pacific,7.21
809,Wizard,6.95
810,Brew Crafters,7.42
811,Morels,6.99
812,Santiago,7.12
813,Golem,7.66
814,Blue Lagoon,7.21
815,Catacombs (Third Edition),7.52
816,SpaceCorp: 2025-2300AD,7.70
817,Ca$h 'n Guns: Second Edition,6.86
818,Paris: La Cité de la Lumière,7.37
819,Rurik: Dawn of Kiev,7.83
820,Forbidden Island,6.78
821,The Palaces of Carrara,7.15
822,Letter Jam,7.23
823,Thunderstone,6.92
824,Rhino Hero,6.93
825,Container,7.15
826,San Marco,7.18
827,Hannibal & Hamilcar,8.30
828,Warhammer Underworlds: Shadespire,7.68
829,Galaxy Trucker,7.62
830,The Lost Expedition,7.06
831,Signorie,7.40
832,Virgin Queen,8.03
833,Roll Through the Ages: The Bronze Age,6.86
834,Summoner Wars: Phoenix Elves vs Tundra Orcs,7.51
835,Akrotiri,7.20
836,Last Night on Earth: The Zombie Game,6.92
837,Pictomania,7.27
838,Formula Dé,6.99
839,Disney Villainous: Perfectly Wretched,7.73
840,Battle for Rokugan,7.43
841,Homesteaders,7.20
842,The LOOP,7.80
843,Qwixx,6.87
844,Legendary: A Marvel Deck Building Game – Villains,7.55
845,Genoa,7.05
846,Red Rising,7.10
847,Creature Comforts,7.63
848,Parade,6.99
849,Conflict of Heroes: Awakening the Bear! – Operation Barbarossa 1941 (Second Edition),7.93
850,Kitchen Rush,7.28
851,Last Bastion,7.52
852,Maharaja: The Game of Palace Building in India,7.11
853,Bridge,7.45
854,Mahjong,7.04
855,Raccoon Tycoon,7.33
856,ISS Vanguard,9.07
857,Lanterns: The Harvest Festival,6.89
858,Palm Island,7.13
859,Warp's Edge,7.78
860,Wasteland Express Delivery Service,7.37
861,Railroad Ink Challenge: Lush Green Edition,7.73
862,Louis XIV,7.06
863,Heroscape Master Set: Swarm of the Marro,7.63
864,Detective Club,7.39
865,Jaws,7.18
866,The Adventures of Robin Hood,7.63
867,Thunder Alley,7.31
868,Adrenaline,7.02
869,Call to Adventure,7.15
870,Tragedy Looper,7.18
871,Core Worlds,7.16
872,Unmatched: Jurassic Park – InGen vs Raptors,8.16
873,Babylonia,7.67
874,Mind MGMT: The Psychic Espionage “Game.”,8.03
875,Werewords,7.15
876,Merchants Cove,7.60
877,Dungeons & Dragons: Wrath of Ashardalon Board Game,7.11
878,Web of Power,7.30
879,The Others,7.33
880,Summoner Wars: Guild Dwarves vs Cave Goblins,7.57
881,7 Wonders: Architects,7.05
882,Luxor,7.20
883,Coffee Roaster,7.41
884,Britannia,7.20
885,Smash Up: Science Fiction Double Feature,7.26
886,Nightmare Productions,7.05
887,Dungeons & Dragons: Castle Ravenloft Board Game,6.98
888,Zooloretto,6.81
889,Age of Industry,7.36
890,Pax Renaissance: 2nd Edition,8.61
891,Circadians: First Light,7.60
892,Lovecraft Letter,7.22
893,Attika,6.99
894,Tiny Epic Quest,7.00
895,Ascension: Storm of Souls,7.28
896,Zombicide: Invader,7.84
897,A War of Whispers,7.39
898,Legacy: The Testament of Duke de Crecy,7.14
899,Concept,6.79
900,The Castles of Burgundy: The Card Game,6.98
901,DinoGenics,7.63
902,Hawaii,7.12
903,Snow Tails,6.97
904,Istanbul: The Dice Game,7.16
905,Fabled Fruit,7.00
906,5-Minute Dungeon,6.97
907,Meeple Circus,7.06
908,Tak,7.60
909,Maquis,7.44
910,Qwirkle,6.78
911,Santa Monica,7.28
912,Dominant Species: Marine,8.08
913,Clinic: Deluxe Edition,7.66
914,Roam,7.34
915,DC Comics Deck-Building Game,7.03
916,The Grimm Forest,7.10
917,Lowlands,7.41
918,Regicide,7.51
919,Ohanami,7.33
920,Kingsburg (Second Edition),7.44
921,Black Sonata,7.50
922,Flick 'em Up!,6.88
923,Gold West,7.32
924,The City of Kings,7.61
925,Condottiere,6.86
926,Abomination: The Heir of Frankenstein,7.49
927,Caper: Europe,7.94
928,Antike,7.09
929,Azul: Queen's Garden,7.57
930,Caylus 1303,7.50
931,Ascension: Return of the Fallen,7.28
932,The Speicherstadt,7.03
933,La Città,7.02
934,Discoveries: The Journals of Lewis & Clark,7.04
935,Herbaceous,7.07
936,Unlock!: Epic Adventures,7.79
937,Automobiles,7.24
938,Bullet♥︎,7.71
939,Cat Lady,7.05
940,Living Forest,7.35
941,History of the World,7.11
942,Tidal Blades: Heroes of the Reef,7.62
943,Orchard: A 9 card solitaire game,7.42
944,Star Trek: Frontiers,7.84
945,Legendary Encounters: A Predator Deck Building Game,7.42
946,Manila,6.98
947,Mr. Jack Pocket,6.86
948,Khôra: Rise of an Empire,7.50
949,Riverboat,7.45
950,Rivals for Catan,6.96
951,Star Wars: The Queen's Gambit,7.55
952,Marvel Dice Masters: Uncanny X-Men,7.17
953,World's Fair 1893,7.17
954,Majesty: For the Realm,6.96
955,Mint Works,6.97
956,Black Fleet,7.00
957,Polis: Fight for the Hegemony,7.52
958,Railroad Revolution,7.34
959,Empires of the Void II,7.50
960,Valley of the Kings,7.03
961,Winner's Circle,6.99
962,Cottage Garden,6.87
963,Merchant of Venus (Second Edition),7.15
964,Tiny Epic Dinosaurs,7.38
965,Smash Up: Pretty Pretty Smash Up,7.24
966,A Distant Plain,7.83
967,Firenze,7.24
968,"Warhammer 40,000: Conquest",7.36
969,Irish Gauge,7.29
970,Wildlands,7.29
971,Islebound,7.17
972,Fields of Green,7.15
973,Zombicide Season 3: Rue Morgue,7.52
974,Space Hulk (Fourth Edition),7.93
975,Dinosaur World,7.48
976,Wiz-War (Eighth Edition),7.05
977,"Time of Crisis: The Roman Empire in Turmoil, 235-284 AD",7.62
978,A Study in Emerald,7.20
979,Witchstone,7.64
980,Final Girl,8.38
981,CO₂,7.12
982,Brian Boru: High King of Ireland,7.63
983,Nations: The Dice Game,6.96
984,Ticket to Ride: New York,6.95
985,Falling Sky: The Gallic Revolt Against Caesar,7.85
986,"Hey, That's My Fish!",6.69
987,Container: 10th Anniversary Jumbo Edition!,7.68
988,Clever Cubed,7.59
989,The Reckoners,7.73
990,ICECOOL,6.80
991,Era: Medieval Age,7.24
992,Reavers of Midgard,7.41
993,Shikoku 1889,7.97
994,Dice Town,6.86
995,Rex: Final Days of an Empire,7.07
996,NMBR 9,6.89
997,Messina 1347,7.71
998,Ecos: First Continent,7.17
999,Tales & Games: The Hare & the Tortoise,7.08
1000,Via Nebula,7.04
1001,Smash Up: Monster Smash,7.27
1002,The Lord of the Rings,6.74
1003,The Big Book of Madness,6.92
1004,Loony Quest,6.90
1005,Wilderness War,7.71
1006,Tide of Iron,7.20
1007,Archaeology: The New Expedition,7.14
1008,Little Town,7.22
1009,Paper Tales,7.04
1010,Thunderstone: Dragonspire,7.32
1011,Metropolys,7.03
1012,Zendo,7.22
1013,Vinci,7.08
1014,Linko!,7.00
1015,Stronghold,7.15
1016,Yedo: Deluxe Master Set,8.01
1017,Netrunner,7.44
1018,Fauna,7.03
1019,Cockroach Poker,6.77
1020,When I Dream,7.00
1021,My Father's Work,8.04
1022,BattleCON: War of Indines,7.68
1023,Ticket to Ride: London,7.13
1024,Axis & Allies Anniversary Edition,7.43
1025,Terror in Meeple City,6.84
1026,Hardback,7.21
1027,Unsettled,8.14
1028,Mr. Jack in New York,7.20
1029,Ghost Fightin' Treasure Hunters,7.14
1030,Batman: Gotham City Chronicles,7.66
1031,Rallyman: GT,7.26
1032,Two Rooms and a Boom,6.99
1033,Smash Up,6.72
1034,Dream Home,6.89
1035,Outfoxed!,7.17
1036,Alma Mater,7.44
1037,Runebound: Second Edition,6.88
1038,Ambush!,7.49
1039,China,6.99
1040,Quarto,6.87
1041,Quarriors!,6.74
1042,Ikusa,7.03
1043,Explorers of the North Sea,7.29
1044,Tsuro,6.67
1045,Shadowrun: Crossfire,7.13
1046,Automania,7.33
1047,Rajas of the Ganges: The Dice Charmers,7.59
1048,Eight-Minute Empire: Legends,6.94
1049,Battle Cry,7.15
1050,Quartermaster General,7.34
1051,Diamonds: Second Edition,6.91
1052,Animal Upon Animal,6.80
1053,Merlin,7.12
1054,The Prodigals Club,7.30
1055,CuBirds,6.95
1056,Haggis,6.98
1057,Shadow Hunters,6.82
1058,Wendake,7.50
1059,Battles of Westeros,7.25
1060,Deep Space D-6,7.20
1061,Mottainai,7.02
1062,Coconuts,7.03
1063,Yggdrasil,7.04
1064,Chimera Station,7.27
1065,Men at Work,7.26
1066,Honshū,6.94
1067,Witness,7.25
1068,1812: The Invasion of Canada,7.34
1069,No Retreat! The Russian Front,7.77
1070,"Julius Caesar: Caesar, Pompey, and the Roman Civil War",7.78
1071,Warhammer Quest,7.48
1072,Sons of Anarchy: Men of Mayhem,7.27
1073,Unlock!: Escape Adventures – Squeek & Sausage,7.17
1074,Legacy of Dragonholt,7.23
1075,Massive Darkness,7.15
1076,Super Fantasy Brawl,7.79
1077,Domaine,6.98
1078,Loopin' Louie,6.75
1079,Risk: Star Wars Edition,7.02
1080,Set a Watch,7.27
1081,The Castles of Tuscany,7.28
1082,Three Kingdoms Redux,7.88
1083,Star Wars: Legion,8.04
1084,Fortune and Glory: The Cliffhanger Game,7.10
1085,Tawantinsuyu: The Inca Empire,7.50
1086,For the People,7.78
1087,Dead Men Tell No Tales,7.13
1088,Jump Drive,6.99
1089,Andean Abyss,7.61
1090,Legend of the Five Rings: The Card Game,7.39
1091,Forum Trajanum,7.25
1092,Vanuatu,7.22
1093,Insider,7.07
1094,Catan Card Game,6.71
1095,Encore!,6.98
1096,Power Grid: Factory Manager,6.84
1097,Primordial Soup,6.93
1098,Caylus Magna Carta,6.90
1099,Tiny Epic Dungeons,7.66
1100,The Lord of the Rings: The Card Game – Revised Core Set,8.57
1101,Watson & Holmes,7.31
1102,Whistle Stop,7.09
1103,Brazil: Imperial,7.88
1104,Steam Park,6.85
1105,La Isla,6.87
1106,Level 7 [Omega Protocol],7.46
1107,Plague Inc.: The Board Game,7.42
1108,Claustrophobia 1643,8.04
1109,Roll Player Adventures,8.32
1110,Princes of the Renaissance,7.33
1111,On Tour,6.98
1112,Obscurio,7.18
1113,Conspiracy: Abyss Universe,7.33
1114,Sushi Roll,7.06
1115,High Frontier 4 All,8.49
1116,Machi Koro,6.61
1117,Hansa,6.88
1118,Merchants of the Dark Road,7.50
1119,Witch's Brew,7.01
1120,Blueprints,6.80
1121,Pathfinder Adventure Card Game: Skull & Shackles – Base Set,7.31
1122,Small World of Warcraft,7.41
1123,Manoeuvre,7.29
1124,Duelosaur Island,7.11
1125,Vikings Gone Wild,7.14
1126,Circle the Wagons,7.12
1127,Crisis,7.53
1128,Oriflamme,7.15
1129,The Game,6.70
1130,Fallout,6.93
1131,Stick 'Em,7.04
1132,Kraftwagen,7.24
1133,Rise of Augustus,6.74
1134,Fairy Tale,6.72
1135,Agra,7.32
1136,Colossal Arena,6.77
1137,Cockroach Poker Royal,7.06
1138,Tiny Epic Zombies,6.99
1139,Spicy,7.18
1140,Street Masters,8.06
1141,Exit: The Game – The Sinister Mansion,7.32
1142,Council of 4,7.16
1143,GIPF,7.10
1144,Thunderbolt Apache Leader,8.04
1145,Escape from the Aliens in Outer Space,6.93
1146,Escape Room: The Game,6.98
1147,Fleet,6.87
1148,Mysterium Park,7.17
1149,Cleopatra and the Society of Architects,6.80
1150,Three Sisters,7.69
1151,Ninjato,7.18
1152,Peloponnes,7.11
1153,Hamburgum,7.05
1154,Mythos Tales,7.38
1155,Strasbourg,7.16
1156,Fallout Shelter: The Board Game,7.29
1157,A Touch of Evil: The Supernatural Game,6.98
1158,Poker,6.72
1159,Pictomania (Second Edition),7.58
1160,Startups,7.16
1161,Unmatched Game System,8.36
1162,Fief: France 1429,7.44
1163,New York 1901,6.81
1164,Blokus Duo,6.83
1165,Ponzi Scheme,7.17
1166,Carcassonne: South Seas,7.07
1167,Dungeon Fighter,6.82
1168,Castle Panic,6.65
1169,Medieval Academy,6.95
1170,Hacienda,6.93
1171,Claim,6.98
1172,The Golden Ages,7.26
1173,Arkadia,6.91
1174,Santiago de Cuba,6.89
1175,Faiyum,7.56
1176,Spirits of the Wild,7.36
1177,Ultimate Werewolf: Ultimate Edition,6.99
1178,A Game of Thrones: The Card Game,6.83
1179,Java,7.01
1180,Dungeon Twister,6.82
1181,Mission: Red Planet,6.89
1182,Liberty or Death: The American Insurrection,7.80
1183,Carcassonne: Winter Edition,7.50
1184,Smash Up: It's Your Fault!,7.51
1185,Thunderbirds,7.56
1186,Keythedral,7.05
1187,Sentient,7.22
1188,Rise of Tribes,7.16
1189,Royals,7.17
1190,Exit: The Game – The Sunken Treasure,7.07
1191,Hostage Negotiator,6.84
1192,Odin's Ravens (Second Edition),7.02
1193,Trains: Rising Sun,7.43
1194,BattleTech,7.08
1195,Rattus,6.78
1196,18Chesapeake,7.77
1197,Castell,7.44
1198,Codex Naturalis,7.24
1199,Ulm,7.04
1200,"The Hunters: German U-Boats at War, 1939-43",7.75
1201,Castell,7.44
1202,The Werewolves of Miller's Hollow,6.71
1203,Liberté,7.13
1204,Fog of Love,6.76
1205,Elfenland,6.69
1206,Viceroy,6.81
1207,Merchant of Venus,7.14
1208,Planet Steam,7.11
1209,1862: Railway Mania in the Eastern Counties,8.27
1210,Guildhall,6.90
1211,Moonrakers,7.85
1212,The Magic Labyrinth,6.82
1213,Medina,7.02
1214,Copenhagen,7.03
1215,Betrayal at Baldur's Gate,7.10
1216,Dead Man's Draw,6.85
1217,Mindbug: First Contact,7.94
1218,Rialto,6.90
1219,Super-Skill Pinball: 4-Cade,7.21
1220,Evo,6.87
1221,Ubongo,6.70
1222,Sylvion,7.08
1223,Timeline: Inventions,6.70
1224,Dale of Merchants 2,7.31
1225,UBOOT: The Board Game,7.67
1226,Catacombs,7.07
1227,Hellboy: The Board Game,7.86
1228,Dark Moon,7.00
1229,Rallyman,7.20
1230,Paris,7.29
1231,Axis & Allies Europe 1940,7.56
1232,Qwinto,7.02
1233,Maximum Apocalypse,7.56
1234,Ghost Blitz,6.71
1235,Conflict of Heroes: Storms of Steel! – Kursk 1943,7.70
1236,New Angeles,7.10
1237,Rolling Realms,7.22
1238,Flick of Faith,7.39
1239,Cartagena,6.68
1240,KeyForge: Age of Ascension,7.28
1241,One Deck Dungeon: Forest of Shadows,7.15
1242,Saboteur,6.56
1243,Mariposas,6.91
1244,Heroes of Normandie,7.46
1245,Imperial Steam,7.85
1246,TransAmerica,6.68
1247,Fire & Axe: A Viking Saga,7.00
1248,Fearsome Floors,6.67
1249,The Captain Is Dead,7.10
1250,Keyper,7.30
1251,Star Trek: Catan,7.00
1252,World of Warcraft: Wrath of the Lich King,7.59
1253,Lockup: A Roll Player Tale,7.37
1254,Tussie Mussie,6.97
1255,Coloma,7.38
1256,Wings of War: Famous Aces,6.86
1257,Eat Poop You Cat,7.46
1258,Carnival of Monsters,7.28
1259,Werewords Deluxe Edition,7.57
1260,Fireball Island: The Curse of Vul-Kar,6.82
1261,Aeon's End: Outcasts,8.59
1262,Warsaw: City of Ruins,7.33
1263,Starship Catan,6.84
1264,Titan,6.97
1265,The Castles of Burgundy: The Dice Game,6.90
1266,The Little Prince: Make Me a Planet,6.91
1267,Mega Civilization,8.23
1268,Exit: The Game – The Forgotten Island,6.95
1269,Mystery Rummy: Jack the Ripper,6.95
1270,Back to the Future: Back in Time,7.29
1271,Jekyll vs. Hyde,7.32
1272,Advanced Squad Leader: Starter Kit #2,7.96
1273,Villages of Valeria,7.01
1274,Botanik,7.74
1275,Tournay,6.97
1276,The Guild of Merchant Explorers,7.78
1277,Here I Stand: 500th Anniversary Edition,8.58
1278,The Starfarers of Catan,6.81
1279,Porta Nigra,7.18
1280,Mykerinos,6.85
1281,XenoShyft: Onslaught,6.93
1282,Doom: The Boardgame,6.86
1283,Deep Madness,7.88
1284,Welcome to the Dungeon,6.56
1285,The Staufer Dynasty,7.15
1286,Kahuna,6.62
1287,Murano,7.19
1288,Unearth,6.86
1289,Merkator,7.04
1290,Cross Clues,7.31
1291,Room 25,6.72
1292,Stronghold: 2nd edition,7.48
1293,Spot it!,6.58
1294,Museum,7.22
1295,V-Sabotage,7.75
1296,The Fox in the Forest Duet,7.10
1297,Unlock!: Escape Adventures – The Formula,7.01
1298,Cahoots,7.16
1299,Cosmic Encounter,6.92
1300,Heroes of Terrinoth,7.31
1301,Imhotep: The Duel,7.10
1302,Say Anything,6.72
1303,Asara,7.00
1304,Top Ten,7.58
1305,Exit: The Game – The Polar Station,6.90
1306,Manhattan,6.73
1307,Calimala,7.20
1308,Las Vegas Royale,7.45
1309,Walking in Burano,7.15
1310,Agricola: Family Edition,7.08
1311,Escape Tales: The Awakening,7.10
1312,Gloom of Kilforth: A Fantasy Quest Game,7.55
1313,Barony,7.08
1314,Exit: The Game – The Mysterious Museum,7.17
1315,Twilight Inscription,7.76
1316,Turn the Tide,6.78
1317,Timeline: Events,6.78
1318,Rum & Bones: Second Tide,7.63
1319,Guillotine,6.53
1320,Gravwell: Escape from the 9th Dimension,6.89
1321,Naga Raja,7.17
1322,Chronicles of Crime: 1900,8.14
1323,Wyatt Earp,6.83
1324,NEOM,7.32
1325,Kingdom Rush: Rift in Time,7.44
1326,Warrior Knights,6.87
1327,"Unmatched: Battle of Legends, Volume Two",8.48
1328,Edge of Darkness,7.50
1329,Canopy,7.47
1330,Brew,7.20
1331,Dice City,6.75
1332,Aftermath,7.70
1333,Dice Throne,7.77
1334,La Cosa Nostra,7.65
1335,Balloon Cup,6.68
1336,Pioneer Days,7.26
1337,Aton,6.87
1338,Valley of the Kings: Afterlife,7.25
1339,Medina (Second Edition),7.21
1340,Amyitis,6.92
1341,Blue Moon,6.70
1342,Genotype: A Mendelian Genetics Game,7.57
1343,Smart10,7.50
1344,Solenia,7.07
1345,Agropolis,7.48
1346,Viral,6.96
1347,Wild Space,7.26
1348,The Initiative,7.67
1349,Vampire: The Eternal Struggle,7.23
1350,It's a Wonderful Kingdom,7.50
1351,Rune Age,6.81
1352,Mascarade,6.59
1353,DC Comics Deck-Building Game: Heroes Unite,7.39
1354,Ascending Empires,7.18
1355,Lost Cities: The Board Game,6.79
1356,Pickomino,6.57
1357,Star Wars: Epic Duels,7.01
1358,Ticket to Ride: Germany,7.61
1359,Galaxy Defenders,7.45
1360,Ca$h 'n Gun$,6.56
1361,Escape the Dark Castle,7.45
1362,CloudAge,7.32
1363,De Vulgari Eloquentia,7.22
1364,Bausack,6.81
1365,SHŌBU,7.55
1366,Tides of Time,6.61
1367,Löwenherz,7.04
1368,John Company: Second Edition,8.50
1369,Quoridor,6.66
1370,Star Wars: Unlock!,7.08
1371,The Artemis Project,7.28
1372,Yukon Airways,7.38
1373,Imagine,6.89
1374,Le Havre: The Inland Port,6.82
1375,Meuterer,6.87
1376,Roma,6.75
1377,Pavlov's House,7.95
1378,Antike II,7.47
1379,Kingdomino Origins,7.62
1380,Kodama: The Tree Spirits,6.71
1381,Similo,6.84
1382,Ishtar: Gardens of Babylon,7.04
1383,Expedition to Newdale,7.44
1384,Haspelknecht: The Story of Early Coal Mining,7.24
1385,Nothing Personal,7.05
1386,Axis & Allies Pacific 1940,7.50
1387,Café,7.37
1388,Aladdin's Dragons,6.90
1389,Blokus 3D,6.79
1390,Fields of Fire,7.86
1391,Pictures,7.19
1392,Kremlin,6.97
1393,Robo Rally,7.01
1394,Wildcatters,7.61
1395,Infinity Gauntlet: A Love Letter Game,7.05
1396,Wallenstein (Second Edition),7.59
1397,Carolus Magnus,6.83
1398,Onirim,6.64
1399,Beasty Bar,6.81
1400,Illusion,6.75
1401,Horrified: American Monsters,7.64
1402,D-Day Dice,6.82
1403,DOOM: The Board Game,7.45
1404,The 7th Continent: Classic Edition,7.73
1405,Riftforce,7.44
1406,Scotland Yard,6.51
1407,Backgammon,6.55
1408,Tides of Madness,6.80
1409,Bargain Quest,6.91
1410,Strike,6.91
1411,Timeline: General Interest,6.78
1412,Exit: The Game – The Catacombs of Horror,7.37
1413,Tramways,7.41
1414,Stephenson's Rocket,6.91
1415,Zombie Teenz Evolution,7.79
1416,Factory Fun,6.81
1417,Eight-Minute Empire,6.57
1418,Sherlock Holmes Consulting Detective: The Baker Street Irregulars,8.44
1419,Dungeons & Dragons: Temple of Elemental Evil Board Game,7.38
1420,Advanced Squad Leader: Starter Kit #3,8.04
1421,Sun Tzu,7.05
1422,Blokus Trigon,6.90
1423,Necromunda,7.30
1424,Omen: A Reign of War,7.33
1425,Traders of Osaka,6.82
1426,Middle-earth,7.31
1427,Coffee Traders,7.79
1428,Yomi,6.95
1429,Sleuth,6.90
1430,Battle Line: Medieval,7.67
1431,Happy Salmon,6.71
1432,The Quest for El Dorado: The Golden Temples,7.75
1433,Sherlock Holmes Consulting Detective: Carlton House & Queen's Park,7.87
1434,Coup: Rebellion G54,6.99
1435,Maglev Metro,7.31
1436,Sword of Rome,7.34
1437,Renegade,7.73
1438,Magic Realm,7.26
1439,The Rose King,6.81
1440,My Village,6.94
1441,Patchistory,7.10
1442,Stella: Dixit Universe,7.29
1443,BANG!,6.50
1444,High Frontier,7.38
1445,Piepmatz,7.10
1446,Kashgar: Merchants of the Silk Road,7.07
1447,In the Shadow of the Emperor,6.87
1448,Space Crusade,7.03
1449,Pixel Tactics,6.87
1450,Junta,6.69
1451,Skulls of Sedlec,7.50
1452,Massive Darkness 2: Hellscape,8.11
1453,Masmorra: Dungeons of Arcadia,7.05
1454,Havana,6.85
1455,Power Grid: The First Sparks,6.78
1456,Trekking the World,7.12
1457,Aerion,7.39
1458,Pueblo,6.95
1459,Hit Z Road,6.77
1460,The Scepter of Zavandor,6.97
1461,Planet,6.70
1462,Neanderthal,7.33
1463,1856: Railroading in Upper Canada from 1856,7.51
1464,Nanty Narking,7.55
1465,Empire Builder,6.95
1466,Skulk Hollow,7.32
1467,Indian Summer,6.79
1468,Codex: Card-Time Strategy – Deluxe Set,8.02
1469,Giants,6.97
1470,I'm the Boss!,6.77
1471,Doomtown: Reloaded,7.12
1472,Indigo,6.84
1473,Ascension: Immortal Heroes,7.34
1474,Oceanos,6.83
1475,RAF: The Battle of Britain 1940,8.02
1476,Habitats,7.36
1477,Mü & More,7.15
1478,Unlock!: Mythic Adventures,7.77
1479,Navajo Wars,7.95
1480,Dice Settlers,6.94
1481,Welcome Back to the Dungeon,6.75
1482,CV,6.60
1483,Gingerbread House,7.00
1484,Dungeon Degenerates: Hand of Doom,8.21
1485,Spyfall 2,6.91
1486,Olympos,6.91
1487,Ingenious: Travel Edition,7.10
1488,Shogi,7.38
1489,Trapwords,6.98
1490,Caesar!: Seize Rome in 20 Minutes!,7.72
1491,Perseverance: Castaway Chronicles – Episodes 1 & 2,7.87
1492,Pirate's Cove,6.57
1493,Aquaretto,6.98
1494,The Civil War 1861-1865,7.73
1495,Wars of the Roses: Lancaster vs. York,7.36
1496,Bloodborne: The Card Game,6.90
1497,Kitchen Rush (Revised Edition),7.57
1498,Ad Astra,6.87
1499,Risk 2210 A.D.,6.69
1500,Unlock!: Secret Adventures – The Adventurers of Oz,7.40
1501,Kingdoms,6.65
1502,Tortuga 1667,6.93
1503,Curious Cargo,7.20
1504,Walnut Grove,6.98
1505,Exit: The Game – The Forbidden Castle,6.83
1506,Warhammer Quest: Blackstone Fortress,7.88
1507,Aristeia!,8.24
1508,Renature,7.20
1509,Dragonfire,7.17
1510,The Rich and the Good,7.09
1511,Revolution!,6.72
1512,Age of Renaissance,7.10
1513,The Red Dragon Inn 2,6.92
1514,Cat in the Box: Deluxe Edition,7.74
1515,Feed the Kraken,8.11
1516,Tempel des Schreckens,7.12
1517,Stardew Valley: The Board Game,7.41
1518,Marrakech,6.69
1519,Paper Dungeons: A Dungeon Scrawler Game,7.28
1520,Tiny Epic Kingdoms,6.56
1521,Miyabi,7.50
1522,Call of Cthulhu: The Card Game,6.90
1523,Unconditional Surrender! World War 2 in Europe,8.15
1524,Ogre,6.95
1525,Android,6.74
1526,Fireteam Zero,7.51
1527,Mystery of the Abbey,6.54
1528,Thanos Rising: Avengers Infinity War,7.13
1529,Machina Arcana (Second/Third Edition),8.09
1530,The Bottle Imp,6.73
1531,Arctic Scavengers,6.79
1532,Campy Creatures,7.07
1533,The Great Dalmuti,6.58
1534,GKR: Heavy Hitters,7.63
1535,Power Struggle,6.98
1536,Pendragon: The Fall of Roman Britain,7.95
1537,Overboss: A Boss Monster Adventure,7.46
1538,Himalaya,7.00
1539,Rise of Empires,7.03
1540,The Climbers,6.80
1541,Drop It,6.92
1542,Here to Slay,6.98
1543,On the Underground,6.91
1544,6 nimmt! 25 Jahre,7.43
1545,Warfighter: The Tactical Special Forces Card Game,7.71
1546,1817,8.64
1547,Oregon,6.76
1548,Human Punishment: Social Deduction 2.0,7.68
1549,The New Era,7.50
1550,Puzzle Strike: Third Edition,7.19
1551,Adventure Land,6.92
1552,World of Warcraft: The Boardgame,6.69
1553,Ys,6.89
1554,The Lord of the Ice Garden,7.65
1555,PitchCar Mini,6.97
1556,Pergamon,6.91
1557,Rune Stones,7.28
1558,Beyond Balderdash,6.82
1559,Time's Up! Edición Amarilla,7.49
1560,Timeline: Discoveries,6.72
1561,Gutenberg,7.45
1562,Path of Light and Shadow,7.41
1563,SET,6.50
1564,Chocolate Factory,7.14
1565,Successors (Third Edition),7.53
1566,Otys,6.99
1567,World in Flames,7.60
1568,A Study in Emerald (Second Edition),6.91
1569,Axis & Allies,6.69
1570,The Ancient World (Second Edition),7.58
1571,Bios: Megafauna (Second Edition),7.66
1572,A House Divided: War Between the States 1861-65,7.08
1573,"Artifacts, Inc.",6.77
1574,TRAILS,7.15
1575,The Ancient World,7.00
1576,Iwari,7.17
1577,Unlock!: Mystery Adventures – The House on the Hill,7.01
1578,Harry Potter: Hogwarts Battle – Defence Against the Dark Arts,7.20
1579,Adventure Games: The Dungeon,6.99
1580,Gulo Gulo,6.84
1581,Legendary Encounters: A Firefly Deck Building Game,7.10
1582,City of Iron,7.18
1583,Euthia: Torment of Resurrection,8.75
1584,Imaginarium,7.18
1585,51st State,6.81
1586,Kamisado,6.93
1587,Sanctum,7.12
1588,Jungle Speed,6.49
1589,Capital Lux,7.01
1590,Samurai Spirit,6.63
1591,Sorcerer City,7.47
1592,Key Flow,7.38
1593,Empires in Arms,7.62
1594,Mordheim: City of the Damned,7.32
1595,Bruxelles 1897,7.26
1596,Ave Caesar,6.62
1597,Battle Cry: 150th Civil War Anniversary Edition,7.64
1598,Food Chain Island,7.27
1599,Mangrovia,7.17
1600,König von Siam,6.92
1601,Transatlantic,7.07
1602,Minecraft: Builders & Biomes,7.01
1603,Axis & Allies,6.57
1604,Love Letter: Adventure Time,7.24
1605,Leonardo da Vinci,6.73
1606,New York Slice,6.71
1607,1849: The Game of Sicilian Railways,8.19
1608,Ascension: Rise of Vigil,7.16
1609,Helvetia,6.98
1610,The Great Heartland Hauling Co.,6.86
1611,The King Is Dead,7.13
1612,Hare & Tortoise,6.63
1613,The Adventurers: The Temple of Chac,6.61
1614,Flip Ships,7.01
1615,Carcassonne: Amazonas,7.05
1616,New Bedford,7.08
1617,Evo (Second Edition),6.95
1618,Akropolis,7.75
1619,Sheriff of Nottingham: 2nd Edition,7.43
1620,Wooden Ships & Iron Men,7.06
1621,Treasure Hunter,6.77
1622,Sluff Off!,6.87
1623,Star Trek: Attack Wing,7.50
1624,Ride the Rails,7.22
1625,Wits & Wagers Party,6.91
1626,Favor of the Pharaoh,6.79
1627,Space Cadets: Dice Duel,6.75
1628,Normandy '44,7.88
1629,Smash Up: The Obligatory Cthulhu Set,6.74
1630,Troyes Dice,7.08
1631,1860: Railways on the Isle of Wight,7.91
1632,Babel,6.65
1633,Altar Quest,7.78
1634,Llamaland,7.39
1635,Century: Golem Edition – Eastern Mountains,7.42
1636,Battle Sheep,6.62
1637,The Russian Campaign,7.33
1638,Dice Throne: Season Two – Gunslinger v. Samurai,7.60
1639,Trambahn,6.95
1640,The Red Dragon Inn,6.57
1641,The Expanse Board Game,7.19
1642,Nefertiti,6.99
1643,Timeline: Music & Cinema,6.73
1644,Floriferous,7.63
1645,Strat-O-Matic Baseball,7.82
1646,Spirits of the Forest,6.88
1647,Niagara,6.47
1648,Steam Time,7.09
1649,La Boca,6.97
1650,Forge War,7.20
1651,DC Comics Dice Masters: Justice League,7.31
1652,Petrichor,6.97
1653,Exodus: Proxima Centauri,7.15
1654,Project: ELITE,7.60
1655,Virus!,6.73
1656,Clans,6.56
1657,Century: Golem Edition – An Endless World,7.64
1658,Big City,6.86
1659,Unlock!: Mystery Adventures – The Tonipal's Treasure,7.01
1660,Ubongo 3D,7.08
1661,Duplik,6.97
1662,Krosmaster: Arena,6.73
1663,Dungeon Mayhem,6.96
1664,Fjords,6.74
1665,Felicity: The Cat in the Sack,6.57
1666,Québec,7.14
1667,Time's Up! Edición Azul,7.35
1668,A Game of Thrones: Hand of the King,6.65
1669,Smash Up: Cease and Desist,7.44
1670,Masters of Renaissance: Lorenzo il Magnifico – The Card Game,7.21
1671,Antike Duellum,7.07
1672,A Victory Lost: Crisis in Ukraine 1942-1943,7.66
1673,Karak,7.27
1674,"Colonial Twilight: The French-Algerian War, 1954-62",7.74
1675,Anomia,6.68
1676,Abandon All Artichokes,6.67
1677,Xiangqi,7.11
1678,Historia,6.88
1679,Love Letter: The Hobbit – The Battle of the Five Armies,7.11
1680,Steel Driver,6.97
1681,Odin's Ravens,6.66
1682,Machi Koro Legacy,6.96
1683,Monolith Arena,7.49
1684,John Company,7.42
1685,Pharaon,7.42
1686,Reykholt,6.73
1687,Infinity N3: Core Book,8.06
1688,Dungeons & Dragons Dice Masters: Battle for Faerûn,7.23
1689,A Castle for All Seasons,6.73
1690,Egizia: Shifting Sands,7.54
1691,The Bridges of Shangri-La,6.83
1692,Carrom,7.06
1693,Tsuro of the Seas,6.53
1694,Burgle Bros 2: The Casino Capers,7.46
1695,Sanssouci,7.13
1696,Diamonds Club,7.04
1697,Paranormal Detectives,7.05
1698,Railroad Ink Challenge: Shining Yellow Edition,7.66
1699,Talisman: Revised 4th Edition,6.52
1700,Expedition: Northwest Passage,6.98
1701,Cóatl,7.03
1702,Expedition: Northwest Passage,6.98
1703,Noctiluca,7.14
1704,Breakout: Normandy,7.68
1705,The Hunger,7.17
1706,Burg Appenzell,6.85
1707,Metro X,7.15
1708,Holmes: Sherlock & Mycroft,6.82
1709,Cantaloop: Book 1 – Breaking into Prison,7.61
1710,Ra: The Dice Game,6.78
1711,Bios: Origins (Second Edition),7.85
1712,My First Carcassonne,6.68
1713,"Napoléon: The Waterloo Campaign, 1815",7.35
1714,Cold War: CIA vs KGB,6.63
1715,Age of Civilization,7.10
1716,TEN,7.15
1717,Legend of the Five Rings,7.16
1718,Tiny Epic Western,6.65
1719,Royal Palace,6.87
1720,Mini Rogue,7.65
1721,Terramara,7.33
1722,Edo,7.06
1723,L.L.A.M.A.,6.50
1724,Rummikub,6.42
1725,Pax Pamir,7.46
1726,LYNGK,7.59
1727,ICECOOL2,7.19
1728,Nautilion,7.23
1729,Nyet!,6.77
1730,Founding Fathers,6.96
1731,Ground Floor,7.01
1732,Stroganov,7.34
1733,Glasgow,7.19
1734,Eurorails,7.10
1735,Field Commander: Napoleon,7.73
1736,Theseus: The Dark Orbit,7.04
1737,Europe Engulfed: WWII European Theatre Block Game,7.47
1738,A Song of Ice & Fire: Tabletop Miniatures Game – Stark vs Lannister Starter Set,8.16
1739,SPQR (Deluxe Edition),8.02
1740,Monumental,7.63
1741,Cytosis: A Cell Biology Board Game,7.05
1742,The Red Dragon Inn 3,7.21
1743,Warhammer: Diskwars,7.07
1744,Heroscape Marvel: The Conflict Begins,7.03
1745,Thunderstone Advance: Numenera,7.29
1746,Sol: Last Days of a Star,7.54
1747,Exit: The Game – The Haunted Roller Coaster,7.17
1748,Fertility,7.19
1749,Mare Nostrum,6.72
1750,5-Minute Marvel,6.82
1751,Arena: Roma II,6.88
1752,Seeland,6.91
1753,The Rise of Queensdale,7.48
1754,Dale of Merchants Collection,7.82
1755,Carcassonne: Gold Rush,7.15
1756,First Rat,7.63
1757,Neta-Tanka: Deluxe Edition,7.22
1758,Rise to Nobility,7.00
1759,Warhammer Underworlds: Nightvault,7.79
1760,Roll Camera!: The Filmmaking Board Game,7.69
1761,Labyrinth,6.40
1762,Endangered,7.61
1763,Coal Baron: The Great Card Game,7.10
1764,B-17: Queen of the Skies,7.11
1765,Race! Formula 90,7.97
1766,Hoity Toity,6.52
1767,The Boss,6.80
1768,Bootleggers,6.68
1769,Memoarrr!,6.90
1770,La Granja: No Siesta,6.80
1771,Wits & Wagers Family,6.91
1772,Wasabi!,6.54
1773,Trans Europa,6.65
1774,Mamma Mia!,6.47
1775,Corinth,6.75
1776,Marvel Dice Masters: Age of Ultron,7.23
1777,Cryo,7.34
1778,Factory Funner,7.24
1779,Pax Transhumanity,7.57
1780,Cthulhu Realms,6.71
1781,Hands in the Sea,7.86
1782,Samurai Sword,6.67
1783,Paris Connection,6.67
1784,Tournament at Camelot,7.18
1785,The Thing: The Boardgame,7.73
1786,Juicy Fruits,7.14
1787,Disney Villainous: Despicable Plots,7.62
1788,Steampunk Rally Fusion,7.53
1789,Holland '44: Operation Market-Garden,8.28
1790,Catan: Starfarers,7.65
1791,Serenissima,6.86
1792,Show Manager,6.99
1793,Archaeology: The Card Game,6.67
1794,Wildlife Safari,6.66
1795,Ascension: Realms Unraveled,7.52
1796,Tranquility,7.04
1797,Pyramid of Pengqueen,6.89
1798,Citrus,7.10
1799,Vast: The Mysterious Manor,7.51
1800,Frank's Zoo,6.61
1801,2 de Mayo,6.90
1802,HeroQuest Advanced Quest,7.33
1803,Glow,7.10
1804,Cutthroat Caverns,6.53
1805,Abalone,6.46
1806,Euchre,6.81
1807,Age of War,6.45
1808,Duel of Ages II,7.39
1809,"Warriors of God: The Wars of England & France, 1135-1453",7.43
1810,Salem 1692,7.07
1811,Hamsterrolle,6.82
1812,Dr. Eureka,6.59
1813,Relic,6.76
1814,Castellion,6.92
1815,Spring Meadow,7.08
1816,Tabannusi: Builders of Ur,7.47
1817,Compounded,6.73
1818,Tiny Epic Defenders (Second Edition),7.13
1819,Harbour,6.50
1820,Qin,6.78
1821,Beyond Baker Street,6.84
1822,Pandemic: Hot Zone – North America,7.05
1823,Mysthea,7.68
1824,Um Reifenbreite,6.80
1825,Horus Heresy,7.05
1826,Ganymede,7.22
1827,Bob Ross: Art of Chill Game,6.80
1828,Kolejka,6.67
1829,The Hanging Gardens,6.78
1830,Hornet Leader: Carrier Air Operations,7.88
1831,Covert,7.09
1832,Boss Monster 2: The Next Level,6.72
1833,Rommel in the Desert,7.54
1834,Riff Raff,6.92
1835,Guilds of London,6.82
1836,Teenage Mutant Ninja Turtles: Shadows of the Past,7.42
1837,Conquest of the Empire,6.73
1838,Pathfinder Adventure Card Game: Wrath of the Righteous – Base Set,7.47
1839,Core Space,8.73
1840,Seikatsu,7.06
1841,Iberian Gauge,7.40
1842,The Dresden Files Cooperative Card Game,7.03
1843,You're Bluffing!,6.58
1844,Star Trek Panic,6.99
1845,Time's Up! Deluxe,7.48
1846,Castles of Mad King Ludwig: Collector's Edition,8.48
1847,Snake Oil,6.68
1848,Gaslands: Post-Apocalyptic Vehicular Combat,8.10
1849,Lotus,6.70
1850,Chronicles of Avel,7.85
1851,Catan Histories: Settlers of America – Trails to Rails,6.80
1852,Sorcerer,7.65
1853,Perikles,6.89
1854,Palastgeflüster,6.78
1855,Warfighter: The WWII Tactical Combat Card Game,7.88
1856,Ardennes '44: The Battle of the Bulge,8.01
1857,KeyForge: Worlds Collide,7.54
1858,Stellar,7.44
1859,After the Empire,7.58
1860,Impulse,6.82
1861,Land vs Sea,7.32
1862,Elasund: The First City,6.61
1863,Wings of War: Watch Your Back!,6.98
1864,Bios: Genesis,7.12
1865,HEXplore It: The Valley of the Dead King,7.77
1866,City of Horror,6.69
1867,Stop Thief!,7.00
1868,Lifeboats,6.59
1869,City of Spies: Estoril 1942,7.04
1870,Fighting Formations: Grossdeutschland Motorized Infantry Division,7.62
1871,Blood Bowl: Second Season Edition,8.57
1872,World War II: Barbarossa to Berlin,7.30
1873,Pit,6.39
1874,Ribbit,6.78
1875,Ticket to Ride: First Journey (U.S.),6.91
1876,Voyages,7.55
1877,Star Wars: Jabba's Palace – A Love Letter Game,7.34
1878,Lignum (Second Edition),7.70
1879,Mafia de Cuba,6.54
1880,Quests of Valeria,6.93
1881,The Princes of Machu Picchu,6.96
1882,Belratti,7.17
1883,The Flow of History,6.78
1884,After The Virus,7.18
1885,Axis & Allies: 1942,6.90
1886,Terra,6.80
1887,High Frontier (Third Edition),8.21
1888,Dominations: Road to Civilization,7.48
1889,Risk: Europe,7.43
1890,Sail to India,6.69
1891,Time of Legends: Joan of Arc,8.04
1892,Uprising: Curse of the Last Emperor,8.40
1893,Flatline,7.12
1894,Wealth of Nations,6.93
1895,Dungeon Twister 2: Prison,7.28
1896,Agents of SMERSH,6.97
1897,March of the Ants,7.19
1898,Meeple Land,7.33
1899,Cosmic Encounter: 42nd Anniversary Edition,8.28
1900,Heroscape Master Set:  Battle for the Underdark,7.51
1901,D-Day Dice (Second Edition),7.50
1902,American Rails,7.40
1903,Kepler-3042,7.32
1904,Chakra,6.91
1905,Zombie 15',6.84
1906,XenoShyft: Dreadmire,7.24
1907,5-Minute Mystery,7.17
1908,Marvel: Crisis Protocol,8.37
1909,Razzia!,6.84
1910,Cube Quest,6.82
1911,Spades,6.77
1912,Bananagrams,6.37
1913,Keltis,6.42
1914,Dragonwood,6.60
1915,The U.S. Civil War,8.28
1916,Mille Fiori,7.39
1917,DungeonQuest,6.74
1918,Dealt!,7.07
1919,Timeline Challenge,7.05
1920,Frostgrave,8.13
1921,Once Upon a Time: The Storytelling Card Game,6.39
1922,Sagani,7.21
1923,Florenza,7.39
1924,Pagan: Fate of Roanoke,8.29
1925,Jórvík,6.81
1926,Sails of Glory,7.53
1927,Alea Iacta Est,6.63
1928,Pastiche,6.82
1929,Balderdash,6.46
1930,FITS,6.58
1931,1870: Railroading across the Trans Mississippi from 1870,7.45
1932,Glüx,7.10
1933,Custom Heroes,6.83
1934,Inkognito,6.59
1935,Good Cop Bad Cop,6.60
1936,Drum Roll,6.88
1937,Mall of Horror,6.63
1938,Space Cadets,6.56
1939,Hermagor,6.90
1940,Castaways,6.96
1941,Super Mega Lucky Box,7.27
1942,Bad Company,7.40
1943,Rum & Bones,6.92
1944,Revive,8.28
1945,Valletta,7.00
1946,Escape from Colditz,6.67
1947,Vagrantsong,7.97
1948,Skyjo,6.83
1949,Victory in the Pacific,7.22
1950,Inca Empire,7.02
1951,We the People,7.30
1952,Trek 12: Himalaya,6.94
1953,Hunt for the Ring,7.14
1954,Monster Lands,7.23
1955,1754: Conquest – The French and Indian War,7.77
1956,Isla Dorada,6.71
1957,Ragusa,6.98
1958,Campaign Manager 2008,6.65
1959,Thunderstone Advance: Worlds Collide,7.75
1960,The Builders: Middle Ages,6.48
1961,Days of Ire: Budapest 1956,7.34
1962,Tiny Epic Pirates,7.13
1963,Subbuteo,6.98
1964,DungeonQuest (Third Edition),6.63
1965,Bosk,6.94
1966,Tanto Cuore,6.87
1967,Timebomb,7.16
1968,Yunnan,7.11
1969,Legends of Andor: The Last Hope,7.88
1970,Dutch Blitz,6.68
1971,Oltre Mare,6.64
1972,Founders of Gloomhaven,6.66
1973,Four Against Darkness,7.54
1974,Woodcraft,7.89
1975,Red Outpost,6.98
1976,Wings of War: Deluxe Set,7.28
1977,Heart of Crown,7.61
1978,Last Aurora,7.37
1979,Last Night on Earth: Timber Peak,7.60
1980,Confusion:  Espionage and Deception in the Cold War,7.06
1981,Epic Spell Wars of the Battle Wizards: Duel at Mt. Skullzfyre,6.49
1982,BattleCON: Fate of Indines,7.88
1983,Legendary: Buffy The Vampire Slayer,7.56
1984,Bottom of the 9th,6.75
1985,Nuns on the Run,6.50
1986,Urban Sprawl,6.77
1987,Cabo,7.09
1988,Take it Easy!,6.60
1989,Il Vecchio,6.91
1990,Fleet: The Dice Game (Second Edition),7.91
1991,Super Dungeon Explore,6.76
1992,Copycat,6.72
1993,Thunder & Lightning,7.19
1994,Werewolf,6.50
1995,Circus Flohcati,6.63
1996,League of Six,6.79
1997,The Adventurers: The Pyramid of Horus,6.80
1998,Medium,6.99
1999,Dice Miner,7.29
2000,Exit: The Game – Theft on the Mississippi,7.17
